{
    "qc_stats": {
        "total_bp": 117520280,
        "coverage": 0.00,
        "read_total": 1209053,
        "read_min": 35,
        "read_mean": 97.2003,
        "read_std": 7.85947,
        "read_median": 100,
        "read_max": 100,
        "read_25th": 100,
        "read_75th": 100,
        "qual_min": 23,
        "qual_mean": 37.8126,
        "qual_std": 1.58464,
        "qual_max": 39,
        "qual_median": 38,
        "qual_25th": 37,
        "qual_75th": 39
    },
    "read_lengths": {

        "35": 628,        "36": 0,        "37": 0,        "38": 2,        "39": 15,
        "40": 1332,        "41": 11,        "42": 22,        "43": 13,        "44": 15,
        "45": 2261,        "46": 6,        "47": 14,        "48": 9,        "49": 19,
        "50": 3340,        "51": 13,        "52": 14,        "53": 8,        "54": 24,
        "55": 4632,        "56": 12,        "57": 19,        "58": 13,        "59": 22,
        "60": 6145,        "61": 14,        "62": 23,        "63": 19,        "64": 30,
        "65": 7870,        "66": 25,        "67": 25,        "68": 29,        "69": 38,
        "70": 9485,        "71": 33,        "72": 51,        "73": 67,        "74": 69,
        "75": 11556,        "76": 56,        "77": 71,        "78": 67,        "79": 93,
        "80": 13614,        "81": 66,        "82": 69,        "83": 112,        "84": 162,
        "85": 15880,        "86": 73,        "87": 119,        "88": 246,        "89": 568,
        "90": 17885,        "91": 73,        "92": 83,        "93": 50,        "94": 89,
        "95": 185361,        "96": 38,        "97": 41,        "98": 115,        "99": 173,
        "100": 926026
    },
    "per_base_quality": {
        "1": 36.3928,        "2": 36.6761,        "3": 36.6698,        "4": 36.6151,        "5": 36.6607,
        "6": 37.6284,        "7": 37.9942,        "8": 38.3512,        "9": 38.5295,        "10": 38.6099,
        "11": 38.6176,        "12": 38.6824,        "13": 38.6589,        "14": 38.66,        "15": 38.6481,
        "16": 38.6755,        "17": 38.6944,        "18": 38.6756,        "19": 38.6763,        "20": 38.6402,
        "21": 38.6473,        "22": 38.6323,        "23": 38.6369,        "24": 38.6498,        "25": 38.5931,
        "26": 38.551,        "27": 38.5929,        "28": 38.6026,        "29": 38.6022,        "30": 38.5904,
        "31": 38.601,        "32": 38.5873,        "33": 38.5498,        "34": 38.5801,        "35": 38.4634,
        "36": 38.5136,        "37": 38.5255,        "38": 38.5381,        "39": 38.5592,        "40": 38.5393,
        "41": 38.5472,        "42": 38.5289,        "43": 38.4679,        "44": 38.5127,        "45": 38.4881,
        "46": 38.5033,        "47": 38.5123,        "48": 38.5221,        "49": 38.4971,        "50": 38.4887,
        "51": 38.4645,        "52": 38.4098,        "53": 38.4025,        "54": 38.4151,        "55": 38.401,
        "56": 38.3954,        "57": 38.3723,        "58": 38.3934,        "59": 38.3644,        "60": 38.3485,
        "61": 38.3748,        "62": 38.3918,        "63": 38.3515,        "64": 38.3231,        "65": 38.3364,
        "66": 38.3453,        "67": 38.3427,        "68": 38.3005,        "69": 38.2845,        "70": 38.2885,
        "71": 38.2789,        "72": 38.2784,        "73": 38.2814,        "74": 38.2324,        "75": 38.2241,
        "76": 38.2404,        "77": 38.2444,        "78": 38.2227,        "79": 38.1909,        "80": 38.2177,
        "81": 38.2147,        "82": 38.2122,        "83": 38.1691,        "84": 38.1741,        "85": 38.1565,
        "86": 38.1116,        "87": 38.1484,        "88": 38.0741,        "89": 38.1015,        "90": 38.0765,
        "91": 38.0696,        "92": 38.0444,        "93": 38.0168,        "94": 38.0377,        "95": 37.9977,
        "96": 37.9127,        "97": 37.9252,        "98": 37.9632,        "99": 37.8683,        "100": 37.8674
    }
}
