{
    "qc_stats": {
        "total_bp": 128222945,
        "coverage": 0.00,
        "read_total": 1294985,
        "read_min": 35,
        "read_mean": 99.015,
        "read_std": 7.51568,
        "read_median": 101,
        "read_max": 101,
        "read_25th": 100,
        "read_75th": 101,
        "qual_min": 2,
        "qual_mean": 35.1278,
        "qual_std": 4.80401,
        "qual_max": 39,
        "qual_median": 37,
        "qual_25th": 34,
        "qual_75th": 38
    },
    "read_lengths": {

        "35": 506,        "36": 254,        "37": 1065,        "38": 1496,        "39": 1556,
        "40": 153,        "41": 156,        "42": 233,        "43": 2478,        "44": 293,
        "45": 231,        "46": 294,        "47": 1725,        "48": 283,        "49": 315,
        "50": 369,        "51": 399,        "52": 449,        "53": 427,        "54": 478,
        "55": 501,        "56": 552,        "57": 546,        "58": 582,        "59": 631,
        "60": 784,        "61": 1053,        "62": 2039,        "63": 757,        "64": 796,
        "65": 833,        "66": 899,        "67": 897,        "68": 964,        "69": 958,
        "70": 995,        "71": 1035,        "72": 1068,        "73": 1108,        "74": 1200,
        "75": 1350,        "76": 1319,        "77": 1311,        "78": 1384,        "79": 1424,
        "80": 1475,        "81": 1556,        "82": 1592,        "83": 1581,        "84": 1632,
        "85": 1663,        "86": 1696,        "87": 1932,        "88": 1928,        "89": 2005,
        "90": 2034,        "91": 2165,        "92": 2133,        "93": 2146,        "94": 2360,
        "95": 2593,        "96": 3758,        "97": 8412,        "98": 24563,        "99": 71624,
        "100": 344065,        "101": 773926
    },
    "per_base_quality": {
        "1": 33.6206,        "2": 34.1942,        "3": 34.2084,        "4": 34.3008,        "5": 34.2031,
        "6": 36.376,        "7": 36.2863,        "8": 36.3642,        "9": 36.4259,        "10": 36.2774,
        "11": 36.2628,        "12": 36.3157,        "13": 36.4483,        "14": 36.3566,        "15": 36.3635,
        "16": 36.4184,        "17": 36.3352,        "18": 36.3007,        "19": 36.3415,        "20": 36.3978,
        "21": 36.3262,        "22": 36.2216,        "23": 36.2267,        "24": 36.255,        "25": 36.231,
        "26": 36.3194,        "27": 36.3296,        "28": 36.2892,        "29": 36.2405,        "30": 36.1746,
        "31": 36.2762,        "32": 36.2693,        "33": 36.2082,        "34": 36.177,        "35": 36.165,
        "36": 36.2697,        "37": 36.2817,        "38": 36.2673,        "39": 35.6191,        "40": 35.8678,
        "41": 35.8946,        "42": 35.9005,        "43": 35.8928,        "44": 35.968,        "45": 35.9838,
        "46": 35.9918,        "47": 35.9863,        "48": 36.024,        "49": 36.0031,        "50": 36.0042,
        "51": 35.9493,        "52": 35.902,        "53": 35.9212,        "54": 35.9253,        "55": 35.8521,
        "56": 35.8945,        "57": 35.8654,        "58": 35.8478,        "59": 35.8552,        "60": 35.8383,
        "61": 35.8023,        "62": 35.7964,        "63": 35.295,        "64": 35.2383,        "65": 35.3529,
        "66": 35.3776,        "67": 35.3865,        "68": 35.4107,        "69": 35.407,        "70": 35.3866,
        "71": 35.3324,        "72": 35.2295,        "73": 35.2505,        "74": 35.2791,        "75": 35.2627,
        "76": 35.2114,        "77": 35.1899,        "78": 35.1675,        "79": 35.1702,        "80": 35.239,
        "81": 35.2167,        "82": 35.213,        "83": 35.1741,        "84": 35.1742,        "85": 35.1508,
        "86": 35.0958,        "87": 34.996,        "88": 34.9646,        "89": 35.0156,        "90": 34.9555,
        "91": 34.9474,        "92": 34.9254,        "93": 34.8699,        "94": 34.8571,        "95": 34.8607,
        "96": 34.8143,        "97": 34.7638,        "98": 34.6756,        "99": 34.6029,        "100": 34.5799,
        "101": 31.1536
    }
}
