{
    "qc_stats": {
        "total_bp": 105578872,
        "coverage": 0.00,
        "read_total": 1081527,
        "read_min": 35,
        "read_mean": 97.6202,
        "read_std": 8.71128,
        "read_median": 100,
        "read_max": 100,
        "read_25th": 100,
        "read_75th": 100,
        "qual_min": 19,
        "qual_mean": 36.8977,
        "qual_std": 2.17155,
        "qual_max": 39,
        "qual_median": 38,
        "qual_25th": 36,
        "qual_75th": 38
    },
    "read_lengths": {

        "35": 3940,        "36": 0,        "37": 2,        "38": 4360,        "39": 58,
        "40": 961,        "41": 23,        "42": 36,        "43": 109,        "44": 26,
        "45": 1334,        "46": 19,        "47": 24,        "48": 29,        "49": 28,
        "50": 1989,        "51": 41,        "52": 42,        "53": 26,        "54": 38,
        "55": 2595,        "56": 28,        "57": 63,        "58": 29,        "59": 35,
        "60": 4813,        "61": 58,        "62": 316,        "63": 3102,        "64": 69,
        "65": 4284,        "66": 39,        "67": 27,        "68": 132,        "69": 42,
        "70": 5141,        "71": 36,        "72": 30,        "73": 33,        "74": 37,
        "75": 6401,        "76": 29,        "77": 29,        "78": 34,        "79": 34,
        "80": 7388,        "81": 26,        "82": 49,        "83": 42,        "84": 106,
        "85": 8649,        "86": 37,        "87": 79,        "88": 187,        "89": 580,
        "90": 9996,        "91": 41,        "92": 58,        "93": 77,        "94": 75,
        "95": 93956,        "96": 71,        "97": 83,        "98": 137,        "99": 185,
        "100": 919184
    },
    "per_base_quality": {
        "1": 35.0513,        "2": 35.521,        "3": 35.5487,        "4": 35.6329,        "5": 35.5641,
        "6": 37.97,        "7": 37.8829,        "8": 37.9685,        "9": 38.0239,        "10": 37.8942,
        "11": 37.8746,        "12": 37.9299,        "13": 38.0274,        "14": 37.9439,        "15": 37.9654,
        "16": 38.0102,        "17": 37.9535,        "18": 37.9152,        "19": 37.9456,        "20": 38.0054,
        "21": 37.9512,        "22": 37.8605,        "23": 37.8479,        "24": 37.8735,        "25": 37.8487,
        "26": 37.9446,        "27": 37.9559,        "28": 37.9272,        "29": 37.8558,        "30": 37.8078,
        "31": 37.9074,        "32": 37.9078,        "33": 37.8182,        "34": 37.823,        "35": 37.8026,
        "36": 37.8901,        "37": 37.9029,        "38": 37.8998,        "39": 37.4414,        "40": 37.6628,
        "41": 37.6807,        "42": 37.6978,        "43": 37.688,        "44": 37.7035,        "45": 37.7269,
        "46": 37.728,        "47": 37.7173,        "48": 37.7277,        "49": 37.7017,        "50": 37.6966,
        "51": 37.6495,        "52": 37.6227,        "53": 37.6443,        "54": 37.6445,        "55": 37.5814,
        "56": 37.6222,        "57": 37.5962,        "58": 37.5839,        "59": 37.5756,        "60": 37.5654,
        "61": 37.5339,        "62": 37.5243,        "63": 37.0063,        "64": 37.0874,        "65": 37.2096,
        "66": 37.2359,        "67": 37.2509,        "68": 37.2801,        "69": 37.2955,        "70": 37.2765,
        "71": 37.2263,        "72": 37.1226,        "73": 37.15,        "74": 37.1835,        "75": 37.1647,
        "76": 37.1266,        "77": 37.101,        "78": 37.0811,        "79": 37.0766,        "80": 37.1411,
        "81": 37.1204,        "82": 37.1105,        "83": 37.0711,        "84": 37.0777,        "85": 37.0509,
        "86": 37.0024,        "87": 36.8961,        "88": 36.8691,        "89": 36.9246,        "90": 36.8678,
        "91": 36.8586,        "92": 36.8339,        "93": 36.7876,        "94": 36.7765,        "95": 36.775,
        "96": 36.7427,        "97": 36.6911,        "98": 36.604,        "99": 36.532,        "100": 36.5137
    }
}
