{
    "qc_stats": {
        "total_bp": 128311315,
        "coverage": 0.00,
        "read_total": 1294985,
        "read_min": 35,
        "read_mean": 99.0832,
        "read_std": 5.74128,
        "read_median": 100,
        "read_max": 101,
        "read_25th": 100,
        "read_75th": 101,
        "qual_min": 2,
        "qual_mean": 36.9744,
        "qual_std": 2.90304,
        "qual_max": 39,
        "qual_median": 38,
        "qual_25th": 37,
        "qual_75th": 39
    },
    "read_lengths": {

        "35": 348,        "36": 86,        "37": 90,        "38": 100,        "39": 115,
        "40": 150,        "41": 159,        "42": 190,        "43": 203,        "44": 254,
        "45": 235,        "46": 292,        "47": 273,        "48": 296,        "49": 338,
        "50": 373,        "51": 397,        "52": 399,        "53": 429,        "54": 469,
        "55": 495,        "56": 539,        "57": 539,        "58": 570,        "59": 556,
        "60": 632,        "61": 675,        "62": 700,        "63": 745,        "64": 802,
        "65": 838,        "66": 887,        "67": 874,        "68": 983,        "69": 962,
        "70": 997,        "71": 1041,        "72": 1076,        "73": 1130,        "74": 1227,
        "75": 1360,        "76": 1338,        "77": 1336,        "78": 1416,        "79": 1451,
        "80": 1504,        "81": 1559,        "82": 1635,        "83": 1637,        "84": 1678,
        "85": 1688,        "86": 1744,        "87": 1963,        "88": 1958,        "89": 2033,
        "90": 2069,        "91": 2228,        "92": 2196,        "93": 2224,        "94": 2430,
        "95": 2768,        "96": 4349,        "97": 11859,        "98": 38518,        "99": 145749,
        "100": 590793,        "101": 444038
    },
    "per_base_quality": {
        "1": 35.6121,        "2": 35.9524,        "3": 35.9673,        "4": 35.9306,        "5": 35.9693,
        "6": 36.8884,        "7": 37.28,        "8": 37.6415,        "9": 37.8319,        "10": 37.9148,
        "11": 37.9271,        "12": 37.9979,        "13": 37.9698,        "14": 37.9642,        "15": 37.9524,
        "16": 37.9824,        "17": 38.0085,        "18": 37.9936,        "19": 37.9782,        "20": 37.9464,
        "21": 37.9596,        "22": 37.9105,        "23": 37.9289,        "24": 37.9495,        "25": 37.8839,
        "26": 37.7939,        "27": 37.8375,        "28": 37.8471,        "29": 37.8403,        "30": 37.8271,
        "31": 37.8337,        "32": 37.8114,        "33": 37.7747,        "34": 37.799,        "35": 37.6747,
        "36": 37.7397,        "37": 37.7397,        "38": 37.7625,        "39": 37.7834,        "40": 37.7493,
        "41": 37.7518,        "42": 37.7388,        "43": 37.6785,        "44": 37.7338,        "45": 37.6987,
        "46": 37.707,        "47": 37.7057,        "48": 37.7236,        "49": 37.6783,        "50": 37.6777,
        "51": 37.6557,        "52": 37.5762,        "53": 37.5625,        "54": 37.591,        "55": 37.566,
        "56": 37.558,        "57": 37.5283,        "58": 37.5484,        "59": 37.5173,        "60": 37.5101,
        "61": 37.5121,        "62": 37.5399,        "63": 37.4952,        "64": 37.4697,        "65": 37.4817,
        "66": 37.472,        "67": 37.4559,        "68": 37.4074,        "69": 37.3895,        "70": 37.3847,
        "71": 37.3675,        "72": 37.3705,        "73": 37.3737,        "74": 37.314,        "75": 37.3066,
        "76": 37.3321,        "77": 37.3473,        "78": 37.315,        "79": 37.2864,        "80": 37.316,
        "81": 37.3023,        "82": 37.2974,        "83": 37.2527,        "84": 37.2535,        "85": 37.2186,
        "86": 37.173,        "87": 37.2167,        "88": 37.1273,        "89": 37.1654,        "90": 37.1265,
        "91": 37.1197,        "92": 37.0821,        "93": 37.0641,        "94": 37.0785,        "95": 37.0259,
        "96": 36.9448,        "97": 36.9609,        "98": 37.0035,        "99": 36.8747,        "100": 36.8711,
        "101": 35.0519
    }
}
