{
    "qc_stats": {
        "total_bp": 130617582,
        "coverage": 0.00,
        "read_total": 1343607,
        "read_min": 35,
        "read_mean": 97.2141,
        "read_std": 9.13128,
        "read_median": 100,
        "read_max": 100,
        "read_25th": 100,
        "read_75th": 100,
        "qual_min": 22,
        "qual_mean": 37.0951,
        "qual_std": 2.11936,
        "qual_max": 39,
        "qual_median": 38,
        "qual_25th": 36,
        "qual_75th": 39
    },
    "read_lengths": {

        "35": 5069,        "36": 1,        "37": 1,        "38": 5189,        "39": 71,
        "40": 1175,        "41": 8,        "42": 12,        "43": 106,        "44": 3,
        "45": 1828,        "46": 6,        "47": 9,        "48": 3,        "49": 11,
        "50": 2824,        "51": 7,        "52": 8,        "53": 9,        "54": 10,
        "55": 3957,        "56": 14,        "57": 62,        "58": 20,        "59": 12,
        "60": 7286,        "61": 64,        "62": 313,        "63": 3841,        "64": 72,
        "65": 6906,        "66": 9,        "67": 17,        "68": 142,        "69": 32,
        "70": 8727,        "71": 8,        "72": 17,        "73": 23,        "74": 29,
        "75": 10844,        "76": 21,        "77": 28,        "78": 28,        "79": 34,
        "80": 13430,        "81": 27,        "82": 36,        "83": 45,        "84": 168,
        "85": 16047,        "86": 24,        "87": 106,        "88": 307,        "89": 786,
        "90": 18719,        "91": 14,        "92": 41,        "93": 83,        "94": 64,
        "95": 125652,        "96": 80,        "97": 102,        "98": 122,        "99": 207,
        "100": 1108691
    },
    "per_base_quality": {
        "1": 35.3681,        "2": 35.8175,        "3": 35.8142,        "4": 35.86,        "5": 35.7619,
        "6": 38.214,        "7": 38.082,        "8": 38.1014,        "9": 38.1693,        "10": 38.0952,
        "11": 38.105,        "12": 38.1186,        "13": 38.1959,        "14": 38.1429,        "15": 38.147,
        "16": 38.1912,        "17": 38.1297,        "18": 38.1058,        "19": 38.1561,        "20": 38.1966,
        "21": 38.1266,        "22": 38.0456,        "23": 38.07,        "24": 38.0829,        "25": 38.0419,
        "26": 38.1172,        "27": 38.1375,        "28": 38.0987,        "29": 38.0678,        "30": 37.9945,
        "31": 38.0878,        "32": 38.0936,        "33": 38.034,        "34": 38.0334,        "35": 38.032,
        "36": 38.0838,        "37": 38.0885,        "38": 38.0846,        "39": 37.6345,        "40": 37.8295,
        "41": 37.8575,        "42": 37.8817,        "43": 37.8824,        "44": 37.8898,        "45": 37.9169,
        "46": 37.9182,        "47": 37.9072,        "48": 37.9141,        "49": 37.8908,        "50": 37.8815,
        "51": 37.8268,        "52": 37.8106,        "53": 37.8224,        "54": 37.8246,        "55": 37.7747,
        "56": 37.8164,        "57": 37.7817,        "58": 37.7646,        "59": 37.7581,        "60": 37.7432,
        "61": 37.7115,        "62": 37.7048,        "63": 37.1981,        "64": 37.2724,        "65": 37.3947,
        "66": 37.409,        "67": 37.428,        "68": 37.4539,        "69": 37.4701,        "70": 37.4528,
        "71": 37.4103,        "72": 37.3176,        "73": 37.3465,        "74": 37.3754,        "75": 37.3523,
        "76": 37.3216,        "77": 37.3021,        "78": 37.2655,        "79": 37.2726,        "80": 37.3143,
        "81": 37.303,        "82": 37.283,        "83": 37.2447,        "84": 37.2515,        "85": 37.2206,
        "86": 37.1825,        "87": 37.076,        "88": 37.045,        "89": 37.0896,        "90": 37.0334,
        "91": 37.0095,        "92": 37.0076,        "93": 36.9564,        "94": 36.9419,        "95": 36.9319,
        "96": 36.9005,        "97": 36.8481,        "98": 36.7645,        "99": 36.7004,        "100": 36.6787
    }
}
