{
    "qc_stats": {
        "total_bp": 150490113,
        "coverage": 0.00,
        "read_total": 1524501,
        "read_min": 35,
        "read_mean": 98.7143,
        "read_std": 6.39255,
        "read_median": 100,
        "read_max": 101,
        "read_25th": 100,
        "read_75th": 101,
        "qual_min": 2,
        "qual_mean": 37.0891,
        "qual_std": 2.88768,
        "qual_max": 39,
        "qual_median": 38,
        "qual_25th": 37,
        "qual_75th": 39
    },
    "read_lengths": {

        "35": 327,        "36": 81,        "37": 93,        "38": 148,        "39": 146,
        "40": 153,        "41": 197,        "42": 205,        "43": 273,        "44": 281,
        "45": 296,        "46": 334,        "47": 383,        "48": 404,        "49": 443,
        "50": 479,        "51": 527,        "52": 567,        "53": 648,        "54": 691,
        "55": 688,        "56": 777,        "57": 818,        "58": 850,        "59": 911,
        "60": 971,        "61": 1007,        "62": 1049,        "63": 1162,        "64": 1204,
        "65": 1293,        "66": 1371,        "67": 1478,        "68": 1515,        "69": 1475,
        "70": 1635,        "71": 1783,        "72": 1779,        "73": 1954,        "74": 1985,
        "75": 2045,        "76": 2160,        "77": 2354,        "78": 2345,        "79": 2473,
        "80": 2543,        "81": 2783,        "82": 2901,        "83": 2900,        "84": 3023,
        "85": 3205,        "86": 3263,        "87": 3465,        "88": 3520,        "89": 3647,
        "90": 3882,        "91": 3952,        "92": 3970,        "93": 4127,        "94": 4397,
        "95": 4707,        "96": 6495,        "97": 15764,        "98": 45993,        "99": 164409,
        "100": 682463,        "101": 509334
    },
    "per_base_quality": {
        "1": 35.7979,        "2": 36.1491,        "3": 36.1438,        "4": 36.0934,        "5": 36.1403,
        "6": 37.0163,        "7": 37.4165,        "8": 37.7841,        "9": 37.9792,        "10": 38.0584,
        "11": 38.0698,        "12": 38.1354,        "13": 38.1102,        "14": 38.1076,        "15": 38.0901,
        "16": 38.1219,        "17": 38.1502,        "18": 38.1317,        "19": 38.1213,        "20": 38.0797,
        "21": 38.0934,        "22": 38.0657,        "23": 38.0749,        "24": 38.09,        "25": 38.026,
        "26": 37.9461,        "27": 37.9801,        "28": 37.9873,        "29": 37.9776,        "30": 37.9603,
        "31": 37.9673,        "32": 37.9465,        "33": 37.9107,        "34": 37.939,        "35": 37.8168,
        "36": 37.8749,        "37": 37.8749,        "38": 37.8859,        "39": 37.9016,        "40": 37.8739,
        "41": 37.8661,        "42": 37.8551,        "43": 37.8012,        "44": 37.8407,        "45": 37.8136,
        "46": 37.8224,        "47": 37.8221,        "48": 37.8387,        "49": 37.7975,        "50": 37.7904,
        "51": 37.7588,        "52": 37.6929,        "53": 37.6733,        "54": 37.6932,        "55": 37.6714,
        "56": 37.6612,        "57": 37.6337,        "58": 37.6545,        "59": 37.6217,        "60": 37.6011,
        "61": 37.6243,        "62": 37.6426,        "63": 37.5929,        "64": 37.5663,        "65": 37.5687,
        "66": 37.5638,        "67": 37.5565,        "68": 37.5089,        "69": 37.4944,        "70": 37.493,
        "71": 37.4758,        "72": 37.4713,        "73": 37.4654,        "74": 37.4103,        "75": 37.3973,
        "76": 37.4063,        "77": 37.4224,        "78": 37.3845,        "79": 37.3578,        "80": 37.3893,
        "81": 37.3636,        "82": 37.3637,        "83": 37.3227,        "84": 37.3185,        "85": 37.2869,
        "86": 37.2442,        "87": 37.279,        "88": 37.1989,        "89": 37.2151,        "90": 37.1878,
        "91": 37.169,        "92": 37.1275,        "93": 37.1052,        "94": 37.124,        "95": 37.0752,
        "96": 36.9957,        "97": 37.0096,        "98": 37.0416,        "99": 36.9242,        "100": 36.9289,
        "101": 35.1682
    }
}
