{
    "qc_stats": {
        "total_bp": 150241943,
        "coverage": 0.00,
        "read_total": 1524501,
        "read_min": 35,
        "read_mean": 98.5516,
        "read_std": 8.14191,
        "read_median": 101,
        "read_max": 101,
        "read_25th": 100,
        "read_75th": 101,
        "qual_min": 2,
        "qual_mean": 35.7437,
        "qual_std": 4.36128,
        "qual_max": 39,
        "qual_median": 38,
        "qual_25th": 35,
        "qual_75th": 38
    },
    "read_lengths": {

        "35": 517,        "36": 314,        "37": 1454,        "38": 1831,        "39": 1794,
        "40": 173,        "41": 211,        "42": 261,        "43": 3131,        "44": 350,
        "45": 306,        "46": 350,        "47": 1938,        "48": 421,        "49": 457,
        "50": 491,        "51": 534,        "52": 631,        "53": 677,        "54": 717,
        "55": 730,        "56": 815,        "57": 845,        "58": 887,        "59": 1070,
        "60": 1202,        "61": 1490,        "62": 2911,        "63": 1252,        "64": 1228,
        "65": 1322,        "66": 1427,        "67": 1548,        "68": 1539,        "69": 1518,
        "70": 1677,        "71": 1820,        "72": 1795,        "73": 1980,        "74": 2019,
        "75": 2091,        "76": 2165,        "77": 2377,        "78": 2353,        "79": 2501,
        "80": 2561,        "81": 2769,        "82": 2908,        "83": 2900,        "84": 3016,
        "85": 3200,        "86": 3234,        "87": 3449,        "88": 3470,        "89": 3628,
        "90": 3826,        "91": 3860,        "92": 3903,        "93": 3997,        "94": 4256,
        "95": 4421,        "96": 5692,        "97": 12054,        "98": 34145,        "99": 84644,
        "100": 426580,        "101": 848868
    },
    "per_base_quality": {
        "1": 34.3621,        "2": 34.8632,        "3": 34.8552,        "4": 34.8998,        "5": 34.7774,
        "6": 37.0793,        "7": 36.9411,        "8": 36.9516,        "9": 37.019,        "10": 36.9293,
        "11": 36.9454,        "12": 36.9484,        "13": 37.0565,        "14": 36.9898,        "15": 36.9843,
        "16": 37.0371,        "17": 36.9534,        "18": 36.9412,        "19": 36.9898,        "20": 37.0247,
        "21": 36.9437,        "22": 36.85,        "23": 36.8889,        "24": 36.9056,        "25": 36.8543,
        "26": 36.9281,        "27": 36.952,        "28": 36.8996,        "29": 36.8784,        "30": 36.7899,
        "31": 36.8886,        "32": 36.8868,        "33": 36.8373,        "34": 36.8141,        "35": 36.8203,
        "36": 36.881,        "37": 36.8791,        "38": 36.871,        "39": 36.2387,        "40": 36.4606,
        "41": 36.4964,        "42": 36.5103,        "43": 36.51,        "44": 36.5768,        "45": 36.5989,
        "46": 36.5981,        "47": 36.5912,        "48": 36.6262,        "49": 36.6118,        "50": 36.6038,
        "51": 36.5331,        "52": 36.5071,        "53": 36.5152,        "54": 36.5179,        "55": 36.4566,
        "56": 36.5038,        "57": 36.4758,        "58": 36.4466,        "59": 36.4462,        "60": 36.428,
        "61": 36.3879,        "62": 36.3781,        "63": 35.8845,        "64": 35.8294,        "65": 35.945,
        "66": 35.9633,        "67": 35.9732,        "68": 35.9977,        "69": 36.001,        "70": 35.9735,
        "71": 35.9284,        "72": 35.8356,        "73": 35.8595,        "74": 35.8877,        "75": 35.8571,
        "76": 35.8264,        "77": 35.8027,        "78": 35.7615,        "79": 35.7719,        "80": 35.8214,
        "81": 35.8046,        "82": 35.7916,        "83": 35.7514,        "84": 35.7506,        "85": 35.7275,
        "86": 35.6754,        "87": 35.5747,        "88": 35.5359,        "89": 35.5771,        "90": 35.5209,
        "91": 35.4947,        "92": 35.4907,        "93": 35.433,        "94": 35.4196,        "95": 35.4038,
        "96": 35.3651,        "97": 35.3109,        "98": 35.2297,        "99": 35.154,        "100": 35.1283,
        "101": 31.6639
    }
}
