{
    "qc_stats": {
        "total_bp": 131048213,
        "coverage": 0.00,
        "read_total": 1343607,
        "read_min": 35,
        "read_mean": 97.5346,
        "read_std": 7.10437,
        "read_median": 100,
        "read_max": 100,
        "read_25th": 100,
        "read_75th": 100,
        "qual_min": 24,
        "qual_mean": 37.8146,
        "qual_std": 1.59894,
        "qual_max": 39,
        "qual_median": 38,
        "qual_25th": 37,
        "qual_75th": 39
    },
    "read_lengths": {

        "35": 536,        "36": 0,        "37": 0,        "38": 4,        "39": 14,
        "40": 1124,        "41": 7,        "42": 12,        "43": 11,        "44": 3,
        "45": 1845,        "46": 6,        "47": 6,        "48": 3,        "49": 11,
        "50": 2858,        "51": 5,        "52": 4,        "53": 9,        "54": 11,
        "55": 3942,        "56": 6,        "57": 8,        "58": 27,        "59": 13,
        "60": 5247,        "61": 24,        "62": 23,        "63": 27,        "64": 39,
        "65": 6900,        "66": 31,        "67": 25,        "68": 46,        "69": 57,
        "70": 8682,        "71": 57,        "72": 58,        "73": 65,        "74": 75,
        "75": 10803,        "76": 61,        "77": 69,        "78": 66,        "79": 88,
        "80": 13466,        "81": 45,        "82": 67,        "83": 95,        "84": 209,
        "85": 16180,        "86": 49,        "87": 126,        "88": 315,        "89": 799,
        "90": 19068,        "91": 33,        "92": 57,        "93": 39,        "94": 87,
        "95": 209795,        "96": 31,        "97": 51,        "98": 113,        "99": 218,
        "100": 1039856
    },
    "per_base_quality": {
        "1": 36.4137,        "2": 36.6937,        "3": 36.6884,        "4": 36.6328,        "5": 36.676,
        "6": 37.6269,        "7": 38.0062,        "8": 38.3711,        "9": 38.5564,        "10": 38.6361,
        "11": 38.6411,        "12": 38.7051,        "13": 38.687,        "14": 38.684,        "15": 38.6729,
        "16": 38.6981,        "17": 38.7206,        "18": 38.7083,        "19": 38.7016,        "20": 38.6636,
        "21": 38.6732,        "22": 38.6589,        "23": 38.6677,        "24": 38.6781,        "25": 38.6201,
        "26": 38.576,        "27": 38.6182,        "28": 38.6294,        "29": 38.6231,        "30": 38.6103,
        "31": 38.6235,        "32": 38.6084,        "33": 38.5767,        "34": 38.6017,        "35": 38.484,
        "36": 38.5332,        "37": 38.5464,        "38": 38.555,        "39": 38.5719,        "40": 38.5545,
        "41": 38.563,        "42": 38.5411,        "43": 38.4832,        "44": 38.5278,        "45": 38.5078,
        "46": 38.5201,        "47": 38.5237,        "48": 38.537,        "49": 38.5104,        "50": 38.5012,
        "51": 38.4739,        "52": 38.4215,        "53": 38.4033,        "54": 38.4199,        "55": 38.4053,
        "56": 38.3971,        "57": 38.3762,        "58": 38.3964,        "59": 38.3659,        "60": 38.3476,
        "61": 38.3793,        "62": 38.3943,        "63": 38.3502,        "64": 38.3257,        "65": 38.3293,
        "66": 38.3345,        "67": 38.3345,        "68": 38.2932,        "69": 38.2809,        "70": 38.2839,
        "71": 38.2713,        "72": 38.2701,        "73": 38.2682,        "74": 38.2225,        "75": 38.204,
        "76": 38.2179,        "77": 38.2281,        "78": 38.1975,        "79": 38.1693,        "80": 38.1986,
        "81": 38.1871,        "82": 38.1848,        "83": 38.1431,        "84": 38.1457,        "85": 38.1194,
        "86": 38.0792,        "87": 38.1152,        "88": 38.0358,        "89": 38.0583,        "90": 38.0278,
        "91": 38.0217,        "92": 37.988,        "93": 37.9634,        "94": 37.9851,        "95": 37.9435,
        "96": 37.8607,        "97": 37.8748,        "98": 37.9112,        "99": 37.8122,        "100": 37.8183
    }
}
